[{"Low SES, High Arts": "Low SES, High Arts", "null": ["", ""], "High SES, Low Arts": "High SES, Low Arts", "High SES, High Arts": "High SES, High Arts", "Low SES, Low Arts": "Low SES, Low Arts", "Overall Sample": "Overall Sample"}, {"Low SES, High Arts": "20%", "null": ["", ""], "High SES, Low Arts": "21%", "High SES, High Arts": "22%", "Low SES, Low Arts": "11.00%", "Overall Sample": "19%"}, {"Low SES, High Arts": "31%", "null": ["", ""], "High SES, Low Arts": "55%", "High SES, High Arts": "37%", "Low SES, Low Arts": "23%", "Overall Sample": "38%"}, {"Low SES, High Arts": "17%", "null": ["", ""], "High SES, Low Arts": "34%", "High SES, High Arts": "47%", "Low SES, Low Arts": "7%", "Overall Sample": "23%"}, {"Low SES, High Arts": "20%", "null": ["", ""], "High SES, Low Arts": "12%", "High SES, High Arts": "19%", "Low SES, Low Arts": "7%", "Overall Sample": "16%"}, {"Low SES, High Arts": "24%", "null": ["", ""], "High SES, Low Arts": "24%", "High SES, High Arts": "5%", "Low SES, Low Arts": "50%", "Overall Sample": "30%"}, {"Low SES, High Arts": "11%", "null": ["", ""], "High SES, Low Arts": "23%", "High SES, High Arts": "14%", "Low SES, Low Arts": "8%", "Overall Sample": "15%"}, {"Low SES, High Arts": "50%", "null": ["", ""], "High SES, Low Arts": "64%", "High SES, High Arts": "81%", "Low SES, Low Arts": "28%", "Overall Sample": "56%"}, {"Low SES, High Arts": "", "null": ["", ""], "High SES, Low Arts": "", "High SES, High Arts": "", "Low SES, Low Arts": "", "Overall Sample": ""}, {"Low SES, High Arts": "", "null": ["", ""], "High SES, Low Arts": "", "High SES, High Arts": "", "Low SES, Low Arts": "", "Overall Sample": ""}]